"study","design","blinded","target","total.N","orig.dose","assigned.N","duration","scale","baseline.outcome.mean","final.outcome.mean","final.outcome.se","age","male","gain.scores","z.A","z.amitriptyline","z.B1","z.B12","z.B2","z.B3","z.B5","z.B6","z.B7","z.B9","z.C","z.calcium","z.citalopram","z.D","z.E","z.fluoxetine","z.imipramine","z.iron","z.magnesium","z.multinutrient","z.none","z.nortriptyline","z.placebo","z.SSRI","z.SSRI_TCA","z.zinc","intervention","quality"
"Siwek/2009/Poland","Randomized Controlled Trial","yes","depression",60,"25 mg, 140 mg",30,12,"Beck Depression Inventory",35.65,12.14,0.97,46.2,0.3667,0,0,0,0,0,0,0,0,0,0,0,0,0,0,0,0,0,1,0,0,0,0,0,0,0,0,1,"z.imipramine,z.zinc","some concerns"
"Siwek/2009/Poland","Randomized Controlled Trial","yes","depression",60,"140 mg",30,12,"Beck Depression Inventory",36.79,14.8,2.81,45.7,0.3,0,0,0,0,0,0,0,0,0,0,0,0,0,0,0,0,0,1,0,0,0,0,0,0,0,0,0,"z.imipramine","some concerns"
"Salari/2015/Iran","Randomized Controlled Trial","yes","depression",50,"50 mg",25,12,"Beck Depression Inventory",23.57,17.4,1.28,33.9,0.381,0,0,0,0,0,0,0,0,0,0,0,0,0,0,0,0,0,0,0,0,0,0,0,0,0,0,1,"z.zinc","some concerns"
"Salari/2015/Iran","Randomized Controlled Trial","yes","depression",50,"",25,12,"Beck Depression Inventory",25.63,25.4,1.74,37.22,0.227,0,0,0,0,0,0,0,0,0,0,0,0,0,0,0,0,0,0,0,0,0,0,0,1,0,0,0,"z.placebo","some concerns"
"Solati/2015/Iran","Randomized Controlled Trial","yes","depression",46,"30 mg",22,12,"Beck Depression Inventory",12.77,8.77,1.43057680674615,29.77,0.3636,0,0,0,0,0,0,0,0,0,0,0,0,0,0,0,0,0,0,0,0,0,0,0,0,0,0,1,"z.zinc","some concerns"
"Solati/2015/Iran","Randomized Controlled Trial","yes","depression",46,"",24,12,"Beck Depression Inventory",16.5,15.41,2.14942724929224,31.29,0.2917,0,0,0,0,0,0,0,0,0,0,0,0,0,0,0,0,0,0,0,0,0,0,0,1,0,0,0,"z.placebo","some concerns"
"Heckmann/2005/Germany","Randomized Controlled Trial","yes","depression",50,"140 mg",26,12,"Beck Depression Inventory",10.6,7.5,1.37281294596729,61.1,0.1923,0,0,0,0,0,0,0,0,0,0,0,0,0,0,0,0,0,0,0,0,0,0,0,0,0,0,1,"z.zinc","low"
"Heckmann/2005/Germany","Randomized Controlled Trial","yes","depression",50,"140mg",26,12,"von Zersen mood scale (ZMS)",15.6,10.7,1.47087101353638,61.1,0.1923,0,0,0,0,0,0,0,0,0,0,0,0,0,0,0,0,0,0,0,0,0,0,0,0,0,0,1,"z.zinc","low"
"Heckmann/2005/Germany","Randomized Controlled Trial","yes","depression",50,"",24,12,"Beck Depression Inventory",11.3,11.3,2.22495318302805,61.1,0.1923,0,0,0,0,0,0,0,0,0,0,0,0,0,0,0,0,0,0,0,0,0,0,0,1,0,0,0,"z.placebo","low"
"Heckmann/2005/Germany","Randomized Controlled Trial","yes","depression",50,"",24,12,"von Zersen mood scale (ZMS)",18.8,18.8,2.9802125203862,61.1,0.1923,0,0,0,0,0,0,0,0,0,0,0,0,0,0,0,0,0,0,0,0,0,0,0,1,0,0,0,"z.placebo","low"
"Ford/2008/Austrailia","Randomized Controlled Trial","yes","depression",299,"25 mg, 2 mg, 400 ug",150,104,"Difference in Beck Depression Inventory from Baseline",0,0.06,0.34,79.3,1,0,0,0,0,1,0,0,0,1,0,1,0,0,0,0,0,0,0,0,0,0,0,0,0,0,0,0,"z.B12,z.B6,z.B9","low"
"Ford/2008/Austrailia","Randomized Controlled Trial","yes","depression",299,"",149,104,"Difference in Beck Depression Inventory from Baseline",0,0.3,0.3,78.7,1,0,0,0,0,0,0,0,0,0,0,0,0,0,0,0,0,0,0,0,0,0,0,0,1,0,0,0,"z.placebo","low"
"Christensen/2011/Australia","Randomized Controlled Trial","yes","depression",900,"400 ug, 100 ug
vitamin b12 100 mcg TDD",447,104,"Patient Health Questionnaire 9 (primary); Kessler Distress 10 Scale",5.36,3.69,0.11,65.92,0.398,0,0,0,0,1,0,0,0,0,0,1,0,0,0,0,0,0,0,0,0,0,0,0,0,0,0,0,"z.B12,z.B9","low"
"Christensen/2011/Australia","Randomized Controlled Trial","yes","depression",900,"",453,104,"Kessler Distress 10 Scale",5.58,4.22,0.099,65.95,0.398,0,0,0,0,0,0,0,0,0,0,0,0,0,0,0,0,0,0,0,0,0,0,0,1,0,0,0,"z.placebo","low"
"Kennedy/2011/UK","Randomized Controlled Trial","yes","cognitive performance",215,"15 mg, 15 mg, 50 mg, 23 mg, 10 mg, 150 ug, 400 ug, 10 ug, 500 mg, 100 mg, 100 mg, 10 mg",94,4,"Visual analog mental stamina",58.3,64.7,1.4,39.7,1,0,0,0,1,1,1,1,1,1,1,1,1,1,0,0,0,0,0,0,1,0,0,0,0,0,0,1,"z.B1,z.B12,z.B2,z.B3,z.B5,z.B6,z.B7,z.B9,z.C,z.calcium,z.magnesium,z.zinc","low"
"Kennedy/2011/UK","Randomized Controlled Trial","yes","cognitive performance",215,"",104,4,"Visual analog mental stamina",64.1,61.4,1.3,38.7,1,0,0,0,0,0,0,0,0,0,0,0,0,0,0,0,0,0,0,0,0,0,0,0,1,0,0,0,"z.placebo","low"
"Bell/1992/USA","Randomized Controlled Trial","yes","depression",14,"10 mg, 10 mg, 10 mg, various",8,4,"MADRS",28,15.6,2.1920310216783,75,0.214,0,0,0,1,0,1,0,0,1,0,0,0,0,0,0,0,0,0,0,0,0,0,1,0,0,0,0,"z.B1,z.B2,z.B6,z.nortriptyline","high"
"Bell/1992/USA","Randomized Controlled Trial","yes","depression",14,"various",6,4,"MADRS",25.3,17.9,3.22516149466452,75,0.214,0,0,0,0,0,0,0,0,0,0,0,0,0,0,0,0,0,0,0,0,0,0,1,1,0,0,0,"z.nortriptyline,z.placebo","high"
"Hansen/2019/Denmark","Randomized Controlled Trial","yes","depression",62,"70 ug",28,24,"HAM-D17",18.4,9.26,1.19436773470916,39.6,0.25,0,0,0,0,0,0,0,0,0,0,0,0,0,0,1,0,0,0,0,0,0,0,0,0,0,0,0,"z.D","low"
"Hansen/2019/Denmark","Randomized Controlled Trial","yes","depression",62,"",34,24,"HAM-D18",18,9.59,1.34111893581442,38.7,0.323,0,0,0,0,0,0,0,0,0,0,0,0,0,0,0,0,0,0,0,0,0,0,0,1,0,0,0,"z.placebo","low"
"Zhang/2018/China","Randomized Controlled Trial","yes","depression",123,"100000 IU",58,8,"Beck Depression Inventory II",24.6,16.6,1.23428046888139,38.3,0.862,0,0,0,0,0,0,0,0,0,0,0,0,0,0,1,0,0,0,0,0,0,0,0,0,0,0,0,"z.D","low"
"Zhang/2018/China","Randomized Controlled Trial","yes","depression",123,"",65,8,"Beck Depression Inventory II",23.3,16.9,1.02948829709043,40.2,0.815,0,0,0,0,0,0,0,0,0,0,0,0,0,0,0,0,0,0,0,0,0,0,0,1,0,0,0,"z.placebo","low"
"Rolf/2017/Netherlands","Randomized Controlled Trial","yes","depression",58,"7000 IU/day in the first 4 weeks, followed by 14,000 IU/day up to week 48",20,48,"HADS-D",4,3,0.167705098312484,38.5,0.3,0,0,0,0,0,0,0,0,0,0,0,0,0,0,1,0,0,0,0,0,0,0,0,0,0,0,0,"z.D","low"
"Rolf/2017/Netherlands","Randomized Controlled Trial","yes","depression",58,"",20,48,"HADS-D",3,2,0.307459346906221,37.6,0.4,0,0,0,0,0,0,0,0,0,0,0,0,0,0,0,0,0,0,0,0,0,0,0,1,0,0,0,"z.placebo","low"
"Katta/2023/New Zealand","Randomized Controlled Trial","yes","depression",72,"",35,4,"DASS-21, depression",19.9,14.3,1.5263485840397,22.5,0.257,0,0,0,0,0,0,0,0,0,0,0,0,0,0,0,0,0,0,0,0,1,0,0,0,0,0,0,"z.multinutrient",NA
"Katta/2023/New Zealand","Randomized Controlled Trial","yes","depression",72,"",37,4,"DASS-21, depression",15.5,10.9,1.380951493365,21.9,0.243,0,0,0,0,0,0,0,0,0,0,0,0,0,0,0,0,0,0,0,0,0,0,0,1,0,0,0,"z.placebo","some concerns"
"Katta/2023/New Zealand","Randomized Controlled Trial","yes","anxiety",72,"",35,4,"DASS-21, anxiety",13.3,9.3,1.61931555205984,22.5,0.257,0,0,0,0,0,0,0,0,0,0,0,0,0,0,0,0,0,0,0,0,1,0,0,0,0,0,0,"z.multinutrient",NA
"Katta/2023/New Zealand","Randomized Controlled Trial","yes","anxiety",72,"",37,4,"DASS-21, anxiety",12.5,8.69,1.36286760476141,21.9,0.243,0,0,0,0,0,0,0,0,0,0,0,0,0,0,0,0,0,0,0,0,0,0,0,1,0,0,0,"z.placebo","some concerns"
"Nguyen/2009/Guatemala","Randomized Controlled Trial","yes","depression",459,"5000 ug,  120 mg,  30 mg,  16.8 ug",114,12,"CES-D",16.6,-2.3,0.86,31,0,1,0,0,0,1,0,0,0,0,0,1,0,0,0,0,0,0,0,1,0,0,0,0,0,0,0,1,"z.B12,z.B9,z.iron,z.zinc","high"
"Nguyen/2009/Guatemala","Randomized Controlled Trial","yes","depression",459," 2800 ug, 120 mg, 16.8 ug",115,12,"CES-D",16.4,-2.4,0.83,31.4,0,1,0,0,0,1,0,0,0,0,0,1,0,0,0,0,0,0,0,1,0,0,0,0,0,0,0,0,"z.B12,z.B9,z.iron","high"
"Nguyen/2009/Guatemala","Randomized Controlled Trial","yes","depression",459," 400 ug, 60 mg, 15 mg, 2.4 ug",114,12,"CES-D",17.2,-1.8,0.88,30.2,0,1,0,0,0,1,0,0,0,0,0,1,0,0,0,0,0,0,0,1,0,0,0,0,0,0,0,1,"z.B12,z.B9,z.iron,z.zinc","high"
"Nguyen/2009/Guatemala","Randomized Controlled Trial","yes","depression",459,"200 ug, 60 mg, 2.4 ug",116,12,"CES-D",18,-2.5,0.81,31.6,0,1,0,0,0,1,0,0,0,0,0,1,0,0,0,0,0,0,0,1,0,0,0,0,0,0,0,0,"z.B12,z.B9,z.iron","high"
"Zhu/2020/China","Randomized Controlled Trial","no","depression",158,"1600 IU",62,26,"HAMD-17",30,3.51,0.53,46.3,0.29,0,0,0,0,0,0,0,0,0,0,0,0,0,0,1,0,0,0,0,0,0,0,0,0,0,0,0,"z.D","high"
"Zhu/2020/China","Randomized Controlled Trial","no","depression",158,"",44,26,"HAMD-17",29.2,4.88,1.07,43.3,0.227,0,0,0,0,0,0,0,0,0,0,0,0,0,0,0,0,0,0,0,0,0,0,0,1,0,0,0,"z.placebo","high"
"Zhu/2020/China","Randomized Controlled Trial","no","anxiety",158,"1600 IU",62,26,"HAMA-14",18,8.502,0.483,46.3,0.29,0,0,0,0,0,0,0,0,0,0,0,0,0,0,1,0,0,0,0,0,0,0,0,0,0,0,0,"z.D","high"
"Zhu/2020/China","Randomized Controlled Trial","no","anxiety",158,"",44,26,"HAMA-14",17.9,7.245,0.402,43.3,0.227,0,0,0,0,0,0,0,0,0,0,0,0,0,0,0,0,0,0,0,0,0,0,0,1,0,0,0,"z.placebo","high"
"Frandsen/2014/Denmark","Randomized Controlled Trial","yes","depression",43,"70 ug",22,12,"SIGH-SAD",18.7,12.3,1.55636522939596,44.2,0,0,0,0,0,0,0,0,0,0,0,0,0,0,0,1,0,0,0,0,0,0,0,0,0,0,0,0,"z.D","some concerns"
"Frandsen/2014/Denmark","Randomized Controlled Trial","yes","depression",43,"",21,13,"SIGH-SAD",18.6,11.8,2.07306995724193,44.4,0.11,0,0,0,0,0,0,0,0,0,0,0,0,0,0,0,0,0,0,0,0,0,0,0,1,0,0,0,"z.placebo","some concerns"
"Penckofer/2022/USA","Randomized Controlled Trial","yes","depression",129,"50000 IU",65,26,"CES-D",28.7,16.2,1.2,50.02,0,0,0,0,0,0,0,0,0,0,0,0,0,0,0,1,0,0,0,0,0,0,0,0,0,0,0,0,"z.D","low"
"Walker/2010/Australia","Randomized Controlled Trial","yes","depression",909,"400 mcg, 100 mcg",447,52,"PHQ-9",5.37,4,0.201964069721852,65.92,0.405,0,0,0,0,1,0,0,0,0,0,1,0,0,0,0,0,0,0,0,0,0,0,0,0,0,0,0,"z.B12,z.B9","low"
"Walker/2010/Australia","Randomized Controlled Trial","yes","depression",909,"",453,52,"PHQ-9",5.58,4.3,0.200622100908819,65.97,0.391,0,0,0,0,0,0,0,0,0,0,0,0,0,0,0,0,0,0,0,0,0,0,0,1,0,0,0,"z.placebo","low"
"Penckofer/2022/USA","Randomized Controlled Trial","yes","depression",129,"",51,26,"CES-D",28.4,14.8,1.19,51.14,0,0,0,0,0,0,0,0,0,0,0,0,0,0,0,0,0,0,0,0,0,0,0,0,1,0,0,0,"z.placebo","low"
"Bhudia/2006/USA","Randomized Controlled Trial","yes","depression",350,"780 mg (32 mmol) of MgSO4 in 100 mL of normal saline intravenously over 15 minutes during anesthesia induction, followed by 3160 mg (130 mmol) in 100 mL of normal saline over 24 hours. The CPB circuit was primed with MgSO4 to a concentration of 3.6 mg/dL. The plasma magnesium level was measured every 15 minutes during CPB. If it decreased to less than 3.6 mg/dL, MgSO4 was administered to achieve levels between 3.6 and 4.8 mg/dL",174,13,"Beck Depression Inventory",7.985,5.496,0.641850878535755,62,0.8,0,0,0,0,0,0,0,0,0,0,0,0,0,0,0,0,0,0,0,1,0,0,0,0,0,0,0,"z.magnesium","some concerns"
"Bhudia/2006/USA","Randomized Controlled Trial","yes","depression",350,"normal saline IV in CPG circuit over 24hrs",176,13,"Beck Depression Inventory",8.399,6.431,0.712805045621898,63,0.82,0,0,0,0,0,0,0,0,0,0,0,0,0,0,0,0,0,0,0,0,0,0,0,1,0,0,0,"z.placebo","some concerns"
"Wang/2023/AUS","Randomized Controlled Trial","yes","depression",173,"50000 iu",92,104,"PHQ-9",3.1,2.6,0.344048783194173,68.9,0.51,0,0,0,0,0,0,0,0,0,0,0,0,0,0,1,0,0,0,0,0,0,0,0,0,0,0,0,"z.D","high"
"Wang/2023/AUS","Randomized Controlled Trial","yes","depression",173,"",81,104,"PHQ-9",2.8,3,0.322222222222222,66.7,0.52,0,0,0,0,0,0,0,0,0,0,0,0,0,0,0,0,0,0,0,0,0,0,0,1,0,0,0,"z.placebo","high"
"Bagis/2013/Turkey","Randomized Controlled Trial","no","depression",80,"300 mg",20,8,"Beck Depression Scale",12.88,8,1.19182423200739,40.18,0,0,0,0,0,0,0,0,0,0,0,0,0,0,0,0,0,0,0,0,1,0,0,0,0,0,0,0,"z.magnesium","high"
"Bagis/2013/Turkey","Randomized Controlled Trial","no","depression",80,"10 mg",20,8,"Beck Depression Scale",15.25,9.75,2.01469724772731,42.08,0,0,0,1,0,0,0,0,0,0,0,0,0,0,0,0,0,0,0,0,0,0,0,0,0,0,0,0,"z.amitriptyline","high"
"Bagis/2013/Turkey","Randomized Controlled Trial","no","depression",80,"300 mg, 10 mg",20,8,"Beck Depression Scale",16.88,12.11,2.1041399668273,40.72,0,0,0,1,0,0,0,0,0,0,0,0,0,0,0,0,0,0,0,0,1,0,0,0,0,0,0,0,"z.amitriptyline,z.magnesium","high"
"Bagis/2013/Turkey","Case Control","no","depression",80,"",20,8,"Beck Depression Scale",6.83,NA,NA,36.61,0,0,0,0,0,0,0,0,0,0,0,0,0,0,0,0,0,0,0,0,0,0,1,0,0,0,0,0,"z.none","high"
"Bagis/2013/Turkey","Randomized Controlled Trial","no","anxiety",80,"300 mg",20,8,"Beck Anxiety Scale",21.58,18.76,2.42389768760977,40.18,0,0,0,0,0,0,0,0,0,0,0,0,0,0,0,0,0,0,0,0,1,0,0,0,0,0,0,0,"z.magnesium","high"
"Bagis/2013/Turkey","Randomized Controlled Trial","no","anxiety",80,"10 mg",20,8,"Beck Anxiety Scale",21.16,14.58,2.0728350151423,42.08,0,0,0,1,0,0,0,0,0,0,0,0,0,0,0,0,0,0,0,0,0,0,0,0,0,0,0,0,"z.amitriptyline","high"
"Bagis/2013/Turkey","Randomized Controlled Trial","no","anxiety",80,"300 mg, 10 mg",20,8,"Beck Anxiety Scale",25.05,18.44,1.93419880053732,40.72,0,0,0,1,0,0,0,0,0,0,0,0,0,0,0,0,0,0,0,0,1,0,0,0,0,0,0,0,"z.amitriptyline,z.magnesium","high"
"Bagis/2013/Turkey","Case Control","no","anxiety",80,"",20,8,"Beck Anxiety Scale",8.11,NA,NA,36.61,0,0,0,0,0,0,0,0,0,0,0,0,0,0,0,0,0,0,0,0,0,0,1,0,0,0,0,0,"z.none","high"
"Amini/2023/Iran","Randomized Controlled Trial","no","depression",68,"12 mg",40,12,"DASS-21 depression",29.47,26.29,1.10679718105893,39.5,0.735,0,0,0,0,0,0,0,0,0,0,0,0,0,0,0,0,0,0,0,0,0,0,0,0,0,0,1,"z.zinc","high"
"Amini/2023/Iran","Randomized Controlled Trial","no","depression",68,"",40,12,"DASS-21 depression",27.05,27.58,0.844328135264957,39.5,0.735,0,0,0,0,0,0,0,0,0,0,0,0,0,0,0,0,0,0,0,0,0,0,0,1,0,0,0,"z.placebo","high"
"Amini/2023/Iran","Randomized Controlled Trial","no","anxiety",68,"12 mg",40,12,"DASS-21 anxiety",26.64,21.38,0.970819241671692,39.5,0.735,0,0,0,0,0,0,0,0,0,0,0,0,0,0,0,0,0,0,0,0,0,0,0,0,0,0,1,"z.zinc","high"
"Amini/2023/Iran","Randomized Controlled Trial","no","anxiety",68,"",40,12,"DASS-21 anxiety",24.17,26,1.02932137838481,39.5,0.735,0,0,0,0,0,0,0,0,0,0,0,0,0,0,0,0,0,0,0,0,0,0,0,1,0,0,0,"z.placebo","high"
"Nazarinasab/2022/Iran","Randomized Controlled Trial","yes","depression",66,"250 mg",33,6,"Beck Depression Inventory II",36.1,16.68,0.412564044615004,38.03,0.4,0,0,0,0,0,0,0,0,0,0,0,0,0,0,0,0,0,0,0,1,0,0,0,0,0,0,0,"z.magnesium","high"
"Nazarinasab/2022/Iran","Randomized Controlled Trial","yes","depression",66,"",33,6,"Beck Depression Inventory II",36.13,19.36,0.470009671080384,38.8,0.3,0,0,0,0,0,0,0,0,0,0,0,0,0,0,0,0,0,0,0,0,0,0,0,1,0,0,0,"z.placebo","high"
"deKoning/2019/Netherlands","Randomized Controlled Trial","yes","depression",155,"1200 IU",75,52,"CES-D",22.25,16.94,0.51,67.8,0.416,0,0,0,0,0,0,0,0,0,0,0,0,0,0,1,0,0,0,0,0,0,0,0,0,0,0,0,"z.D","low"
"deKoning/2019/Netherlands","Randomized Controlled Trial","yes","depression",155,"",76,52,"CES-D",22.33,16.35,0.5,67.6,0.436,0,0,0,0,0,0,0,0,0,0,0,0,0,0,0,0,0,0,0,0,0,0,0,1,0,0,0,"z.placebo","low"
"deKoning/2019/Netherlands","Randomized Controlled Trial","yes","anxiety",155,"1200 IU",75,52,"Log Beck Anxiety Inventory",11,0.0488,0.0986,67.8,0.416,1,0,0,0,0,0,0,0,0,0,0,0,0,0,1,0,0,0,0,0,0,0,0,0,0,0,0,"z.D","low"
"deKoning/2019/Netherlands","Randomized Controlled Trial","yes","anxiety",155,"",76,52,"Log Beck Anxiety Inventory",11.91,0,0,67.6,0.436,0,0,0,0,0,0,0,0,0,0,0,0,0,0,0,0,0,0,0,0,0,0,0,1,0,0,0,"z.placebo","low"
"Alghamdi/2020/Saudi Arabia","Randomized Controlled Trial","no","depression",62,"50000 IU, various",49,13,"Beck Depression Inventory",NA,NA,NA,41.5,NA,0,0,0,0,0,0,0,0,0,0,0,0,0,0,1,0,0,0,0,0,0,0,0,0,0,1,0,"z.D,z.SSRI_TCA","high"
"Alghamdi/2020/Saudi Arabia","Randomized Controlled Trial","no","depression",62,"various",13,13,"Beck Depression Inventory",NA,NA,NA,41.5,NA,0,0,0,0,0,0,0,0,0,0,0,0,0,0,0,0,0,0,0,0,0,0,0,0,0,1,0,"z.SSRI_TCA","high"
"Rouhi/2018/Iran","Randomized Controlled Trial","yes","depression",80,"1000 IU",40,26,"Edinburg Scale",15.05,8.6,0.679889696936201,24.7,0,0,0,0,0,0,0,0,0,0,0,0,0,0,0,1,0,0,0,0,0,0,0,0,0,0,0,0,"z.D","low"
"Rouhi/2018/Iran","Randomized Controlled Trial","yes","depression",80,"",40,26,"Edinburg Scale",15.27,13.4,0.743135250139569,24.8,0,0,0,0,0,0,0,0,0,0,0,0,0,0,0,0,0,0,0,0,0,0,0,0,1,0,0,0,"z.placebo","low"
"Chassoux/2024/France","Randomized Controlled Trial","yes","depression",74,"100000 IU/15days for 2months then 100000 IU the 3rd month in EG, followed by a main-
tenance therapy set at 100 000 IU/month for 6 months 
during the open-label period, and no supplementation 
for the last 3 months of the study. ",40,13,"HADS",14.25,13.23,1.239612842786,43,0.3,0,0,0,0,0,0,0,0,0,0,0,0,0,0,1,0,0,0,0,0,0,0,0,0,0,0,0,"z.D","low"
"Chassoux/2024/France","Randomized Controlled Trial","yes","depression",74,"",34,13,"HADS",14,12,1.19534513844329,34.1,0.353,0,0,0,0,0,0,0,0,0,0,0,0,0,0,0,0,0,0,0,0,0,0,0,1,0,0,0,"z.placebo","low"
"Chassoux/2024/France","Randomized Controlled Trial","yes","anxiety",74,"100000 IU/15days for 2months then 
100 000 IU the 3rd month in EG, followed by a main-
tenance therapy set at 100 000 IU/month for 6months 
during the open-label period, and no supplementation 
for the last 3months of the study. ",40,13,"HADS",9.27,9.1,0.303578655376164,43,0.3,0,0,0,0,0,0,0,0,0,0,0,0,0,0,1,0,0,0,0,0,0,0,0,0,0,0,0,"z.D","low"
"Chassoux/2024/France","Randomized Controlled Trial","yes","anxiety",74,"",34,13,"HADS",8.77,7.5,0.291547594742265,34.1,0.353,0,0,0,0,0,0,0,0,0,0,0,0,0,0,0,0,0,0,0,0,0,0,0,1,0,0,0,"z.placebo","low"
"Sharifi/2019/Iran","Randomized Controlled Trial","yes","depression",90,"300000 IU",46,13,"Beck Depression Index",12.8,8.5,0.914140128160362,37.5,0.565,0,0,0,0,0,0,0,0,0,0,0,0,0,0,1,0,0,0,0,0,0,0,0,0,0,0,0,"z.D","low"
"Sharifi/2019/Iran","Randomized Controlled Trial","yes","depression",90,"",44,13,"Beck Depression Index",13.9,13.6,1.44725445397327,35,0.568,0,0,0,0,0,0,0,0,0,0,0,0,0,0,0,0,0,0,0,0,0,0,0,1,0,0,0,"z.placebo","low"
"Nguyen/2017/Vietnam","Randomized Controlled Trial","yes","depression",1813,"60 mg,  2800 ug",526,104,"baseline: CES-D, F/u: EPDS",3.42,0.65,0.0832799575576169,25.9,0,0,0,0,0,0,0,0,0,0,0,1,0,0,0,0,0,0,0,1,0,0,0,0,0,0,0,0,"z.B9,z.iron","low"
"Nguyen/2017/Vietnam","Randomized Controlled Trial","yes","depression",1813,"15 micronutrients, 60 mg, 2800 ug",518,104,"baseline: CES-D, F/u: EPDS",3.33,0.56,0.0689818397007082,26.1,0,0,0,0,0,0,0,0,0,0,0,1,0,0,0,0,0,0,0,1,0,1,0,0,0,0,0,0,"z.B9,z.iron,z.multinutrient","low"
"Nguyen/2017/Vietnam","Randomized Controlled Trial","yes","depression",1813,"2800 ug",572,104,"baseline: CES-D, F/u: EPDS",3.66,0.59,0.082787958990702,25.8,0,0,0,0,0,0,0,0,0,0,0,1,0,0,0,0,0,0,0,0,0,0,0,0,0,0,0,0,"z.B9","low"
"Mousa/2018/Australia","Randomized Controlled Trial","yes","depression",65,"100000 IU bolus followed by 4000 IU daily",26,16,"Beck Depression Inventory",6.333,5,1.07667758190863,31.5,0.536,0,0,0,0,0,0,0,0,0,0,0,0,0,0,1,0,0,0,0,0,0,0,0,0,0,0,0,"z.D","low"
"Mousa/2018/Australia","Randomized Controlled Trial","yes","depression",65,"",22,17,"Beck Depression Inventory",3.167,1.833,0.675846270847285,32,0.577,0,0,0,0,0,0,0,0,0,0,0,0,0,0,0,0,0,0,0,0,0,0,0,1,0,0,0,"z.placebo","low"
"Zaromytidou/2022/Greece","Randomized Controlled Trial","no","depression",90,"25000 IU",45,52,"PHQ-9",19.85,13.52,0.74684670448493,74.03,0.22,0,0,0,0,0,0,0,0,0,0,0,0,0,0,1,0,0,0,0,0,0,0,0,0,0,0,0,"z.D","some concerns"
"Zaromytidou/2022/Greece","Randomized Controlled Trial","no","depression",90,"",45,52,"PHQ-9",18.71,20.2,1.29244729099488,73.1,0.2,0,0,0,0,0,0,0,0,0,0,0,0,0,0,0,0,0,0,0,0,0,0,0,1,0,0,0,"z.placebo","some concerns"
"Zaromytidou/2022/Greece","Randomized Controlled Trial","no","anxiety",90,"25000 IU",45,52,"STAI-S",42.66,32.59,0.96150923032491,74.03,0.22,0,0,0,0,0,0,0,0,0,0,0,0,0,0,1,0,0,0,0,0,0,0,0,0,0,0,0,"z.D","some concerns"
"Zaromytidou/2022/Greece","Randomized Controlled Trial","no","anxiety",90,"",45,52,"STAI-S",44.17,44.97,1.15977392432989,73.1,0.2,0,0,0,0,0,0,0,0,0,0,0,0,0,0,0,0,0,0,0,0,0,0,0,1,0,0,0,"z.placebo","some concerns"
"Sahraian/2015/Iran","Randomized Controlled Trial","yes","depression",43,"1000 mg, 20 mg",21,8,"HAM-D",21.4,8.6,1.13473302922716,32.7,0.286,0,0,0,0,0,0,0,0,0,0,0,1,0,1,0,0,0,0,0,0,0,0,0,0,0,0,0,"z.C,z.citalopram","high"
"Sahraian/2015/Iran","Randomized Controlled Trial","yes","depression",43,"",22,8,"HAM-D",22.4,9.3,1.34316451304035,34.2,0.228,0,0,0,0,0,0,0,0,0,0,0,0,0,1,0,0,0,0,0,0,0,0,0,1,0,0,0,"z.citalopram,z.placebo","high"
"Sahraian/2015/Iran","Randomized Controlled Trial","yes","depression",43,"1000 mg, 20 mg",21,8,"Beck Depression Inventory",23.9,8.6,2.33493142552512,32.7,0.286,0,0,0,0,0,0,0,0,0,0,0,1,0,1,0,0,0,0,0,0,0,0,0,0,0,0,0,"z.C,z.citalopram","high"
"Sahraian/2015/Iran","Randomized Controlled Trial","yes","depression",43,"",22,8,"Beck Depression Inventory",22.8,9,2.04672687701386,34.2,0.228,0,0,0,0,0,0,0,0,0,0,0,0,0,1,0,0,0,0,0,0,0,0,0,1,0,0,0,"z.citalopram,z.placebo","high"
"Syed/2013/Pakistan","Randomized Controlled Trial","no","depression",73,"1000 ug, varying doses of SSRI/TCA",34,12,"HAM-D",23.21,12.12,0.878072755929645,37.68,0.529,0,0,0,0,1,0,0,0,0,0,0,0,0,0,0,0,0,0,0,0,0,0,0,0,0,1,0,"z.B12,z.SSRI_TCA","high"
"Syed/2013/Pakistan","Randomized Controlled Trial","no","depression",73,"varying doses of TCA/SSRI",39,12,"HAM-D",19.38,14.38,0.757406167498062,36.56,0.5153,0,0,0,0,0,0,0,0,0,0,0,0,0,0,0,0,0,0,0,0,0,0,0,0,0,1,0,"z.SSRI_TCA","high"
"Khoraminya/2013/Iran","Randomized Controlled Trial","yes","depression",42,"1500 IU, 20 mg",20,8,"HAM-D",29.4,11.7,1.0285912696499,38.1,0.15,0,0,0,0,0,0,0,0,0,0,0,0,0,0,1,0,1,0,0,0,0,0,0,0,0,0,0,"z.D,z.fluoxetine","low"
"Khoraminya/2013/Iran","Randomized Controlled Trial","yes","depression",42,"",20,8,"HAM-D",30.2,17.2,0.930204278639913,39.65,0.15,0,0,0,0,0,0,0,0,0,0,0,0,0,0,0,0,1,0,0,0,0,0,0,1,0,0,0,"z.fluoxetine,z.placebo","low"
"Khoraminya/2013/Iran","Randomized Controlled Trial","yes","depression",42,"1500 IU, 20 mg",20,8,"Beck Depression Inventory",32.45,13.2,1.93196273255982,38.1,0.15,0,0,0,0,0,0,0,0,0,0,0,0,0,0,1,0,1,0,0,0,0,0,0,0,0,0,0,"z.D,z.fluoxetine","low"
"Khoraminya/2013/Iran","Randomized Controlled Trial","yes","depression",42,"",20,8,"Beck Depression Inventory",31.65,17.95,1.41095889380237,39.65,0.15,0,0,0,0,0,0,0,0,0,0,0,0,0,0,0,0,1,0,0,0,0,0,0,1,0,0,0,"z.fluoxetine,z.placebo","low"
"Scholten/2018/Netherlands","Randomized Controlled Trial","yes","depression",2,"1000 ug",44,8,"CES-D",19.4,18,0.979911869877732,41,0.2632,0,0,0,0,1,0,0,0,0,0,0,0,0,0,0,0,0,0,0,0,0,0,0,0,0,0,0,"z.B12","some concerns"
"Scholten/2018/Netherlands","Randomized Controlled Trial","yes","depression",2,"",49,8,"CES-D",18.5,16.6,0.657142857142857,41,0.2632,0,0,0,0,0,0,0,0,0,0,0,0,0,0,0,0,0,0,0,0,0,0,0,1,0,0,0,"z.placebo","some concerns"
"Scholten/2018/Netherlands","Randomized Controlled Trial","yes","depression",2,"1000 ug",44,8,"HADS",9.6,9.6,0.346738046264428,41,0.2632,0,0,0,0,1,0,0,0,0,0,0,0,0,0,0,0,0,0,0,0,0,0,0,0,0,0,0,"z.B12","some concerns"
"Scholten/2018/Netherlands","Randomized Controlled Trial","yes","depression",2,"",49,8,"HADS",9,9,0.228571428571429,41,0.2632,0,0,0,0,0,0,0,0,0,0,0,0,0,0,0,0,0,0,0,0,0,0,0,1,0,0,0,"z.placebo","some concerns"
"Scholten/2018/Netherlands","Randomized Controlled Trial","yes","anxiety",2,"1000 ug",44,8,"HADS",12.5,12.6,0.33166247903554,41,0.2632,0,0,0,0,1,0,0,0,0,0,0,0,0,0,0,0,0,0,0,0,0,0,0,0,0,0,0,"z.B12","some concerns"
"Scholten/2018/Netherlands","Randomized Controlled Trial","yes","anxiety",2,"",49,8,"HADS",12.2,13.1,0.3,41,0.2632,0,0,0,0,0,0,0,0,0,0,0,0,0,0,0,0,0,0,0,0,0,0,0,1,0,0,0,"z.placebo","some concerns"
"Narula/2017/Canada","Randomized Controlled Trial","yes","depression",45,"1000 iu",16,52,"HADS",NA,NA,NA,35,0.37,0,0,0,0,0,0,0,0,0,0,0,0,0,0,1,0,0,0,0,0,0,0,0,0,0,0,0,"z.D","high"
"Narula/2017/Canada","Randomized Controlled Trial","yes","depression",45,"10000 iu",18,52,"HADS",NA,NA,NA,33,0.44,0,0,0,0,0,0,0,0,0,0,0,0,0,0,1,0,0,0,0,0,0,0,0,0,0,0,0,"z.D","high"
"Field/2022/UK Northern Ireland","Randomized Controlled Trial","yes","anxiety",478,"100 mg pyroxidine hydrochloride",47,5,"SCAARED",11.4,10.3,0.175037989797473,23,0.194,0,0,0,0,0,0,0,0,1,0,0,0,0,0,0,0,0,0,0,0,0,0,0,0,0,0,0,"z.B6","high"
"Field/2022/UK Northern Ireland","Randomized Controlled Trial","yes","anxiety",478,"1000 ug methlycobalmin",48,5,"SCAARED",11.1,11.1,0.158771324027147,23,0.194,0,0,0,0,1,0,0,0,0,0,0,0,0,0,0,0,0,0,0,0,0,0,0,0,0,0,0,"z.B12","high"
"Field/2022/UK Northern Ireland","Randomized Controlled Trial","yes","anxiety",478,"",51,5,"SCAARED",9.8,10.8,0.154030809243081,23,0.194,0,0,0,0,0,0,0,0,0,0,0,0,0,0,0,0,0,0,0,0,0,0,0,1,0,0,0,"z.placebo","high"
"Field/2022/UK Northern Ireland","Randomized Controlled Trial","yes","depression",478,"100 mg pyroxidine hydrochloride",47,5,"MFQ",24.8,21.5,1.85248539202326,23,0.194,0,0,0,0,0,0,0,0,1,0,0,0,0,0,0,0,0,0,0,0,0,0,0,0,0,0,0,"z.B6","high"
"Field/2022/UK Northern Ireland","Randomized Controlled Trial","yes","depression",478,"1000 ug methlycobalmin",48,5,"MFQ",24.5,23,2.07846096908265,23,0.194,0,0,0,0,1,0,0,0,0,0,0,0,0,0,0,0,0,0,0,0,0,0,0,0,0,0,0,"z.B12","high"
"Field/2022/UK Northern Ireland","Randomized Controlled Trial","yes","depression",478,"0",51,5,"MFQ",25.1,23.9,2.04440892268089,23,0.194,0,0,0,0,0,0,0,0,0,0,0,0,0,0,0,0,0,0,0,0,0,0,0,1,0,0,0,"z.placebo","high"
"Torrisi/2021/Italy","Randomized Controlled Trial","no","depression",40,"2000 IU",20,12,"MADRS",22.13,9.73,1.0509519494249,59.2,0.533,0,0,0,0,0,0,0,0,0,0,0,0,0,0,1,0,0,0,0,0,0,0,0,0,0,0,0,"z.D","high"
"Torrisi/2021/Italy","Randomized Controlled Trial","no","depression",40,"",20,12,"MADRS",21.86,16.36,2.60054705783226,62.07,0.429,0,0,0,0,0,0,0,0,0,0,0,0,0,0,0,0,0,0,0,0,0,1,0,0,0,0,0,"z.none","high"
"Tarleton/2017/USA","Randomized Controlled Trial","no","depression",126,"248 mg",55,6,"PHQ-9",10.9,5.1,0.525875892721329,55.2,0.4,0,0,0,0,0,0,0,0,0,0,0,0,0,0,0,0,0,0,0,1,0,0,0,0,0,0,0,"z.magnesium","high"
"Tarleton/2017/USA","Randomized Controlled Trial","no","depression",126,"",57,6,"PHQ-9",10.8,9.2,0.741738119956424,50.1,0.36,0,0,0,0,0,0,0,0,0,0,0,0,0,0,0,0,0,0,0,0,0,0,0,1,0,0,0,"z.placebo","high"
"Bedson/2014/Wales","Randomized Controlled Trial","yes","depression",440,"",217,12,"AUC BDI-II",34,25.7,0.735188304666208,45,0.37,0,0,0,0,0,0,0,0,0,0,0,0,0,0,0,0,0,0,0,0,0,0,0,1,0,0,0,"z.placebo","low"
"Bedson/2014/Wales","Randomized Controlled Trial","yes","depression",440,"5mg",223,12,"AUC BDI-II",33,25.64,0.765409412998512,45,0.35,0,0,0,0,0,0,0,0,0,0,1,0,0,0,0,0,0,0,0,0,0,0,0,0,0,0,0,"z.B9","low"
"Bedson/2014/Wales","Randomized Controlled Trial","yes","depression",440,"",217,12,"AUC MADRS",29,22.17,0.515242773076317,45,0.37,0,0,0,0,0,0,0,0,0,0,0,0,0,0,0,0,0,0,0,0,0,0,0,1,0,0,0,"z.placebo","low"
"Bedson/2014/Wales","Randomized Controlled Trial","yes","depression",440,"5 mg",223,12,"AUC MADRS",28,22.39,0.558487708172142,45,0.35,0,0,0,0,0,0,0,0,0,0,1,0,0,0,0,0,0,0,0,0,0,0,0,0,0,0,0,"z.B9","low"
"Tarleton/2017/USA","Randomized Controlled Trial","no","anxiety",126,"248 mg",55,6,"GAD-7",8.9,4.4,0.539359889970594,55.2,0.4,0,0,0,0,0,0,0,0,0,0,0,0,0,0,0,0,0,0,0,1,0,0,0,0,0,0,0,"z.magnesium","high"
"Tarleton/2017/USA","Randomized Controlled Trial","no","anxiety",126,"",57,6,"GAD-7",9.2,9.2,0.781474090668376,50.1,0.36,0,0,0,0,0,0,0,0,0,0,0,0,0,0,0,0,0,0,0,0,0,0,0,1,0,0,0,"z.placebo","high"
"Wadud/2024/Pakistan","Randomized Controlled Trial","no","depression",102,"500 mg",51,13,"HAM-D",20.92,14.35,1.16083218965922,NA,0.353,0,0,0,0,0,0,0,0,0,0,0,1,0,0,0,0,0,0,0,0,0,0,0,0,1,0,0,"z.C,z.SSRI","high"
"Wadud/2024/Pakistan","Randomized Controlled Trial","no","depression",102,"various",51,13,"HAM-D",23.14,12.53,0.904580934282094,NA,0.353,0,0,0,0,0,0,0,0,0,0,0,0,0,0,0,0,0,0,0,0,0,0,0,0,1,0,0,"z.SSRI","high"
"Ghaderi/2017/Iran","Randomized Controlled Trial","yes","depression",68,"50000 iu",34,12,"Beck Depression Inventory",22.3,-4.8,1.25193967154031,40.1,NA,0,0,0,0,0,0,0,0,0,0,0,0,0,0,1,0,0,0,0,0,0,0,0,0,0,0,0,"z.D","low"
"Ghaderi/2017/Iran","Randomized Controlled Trial","yes","depression",68,"",34,12,"Beck Depression Inventory",23,-1.5,1.0461413693693,42.5,NA,0,0,0,0,0,0,0,0,0,0,0,0,0,0,0,0,0,0,0,0,0,0,0,1,0,0,0,"z.placebo","low"
"Ghaderi/2017/Iran","Randomized Controlled Trial","yes","depression",68,"50000 iu",34,12,"BAI",18.5,3.7,1.33768896411157,40.1,0,0,0,0,0,0,0,0,0,0,0,0,0,0,0,1,0,0,0,0,0,0,0,0,0,0,0,0,"z.D","low"
"Ghaderi/2017/Iran","Randomized Controlled Trial","yes","depression",68,"0",34,12,"BAI",19,-1.3,0.77174363314129,42.5,0,0,0,0,0,0,0,0,0,0,0,0,0,0,0,0,0,0,0,0,0,0,0,0,1,0,0,0,"z.placebo","low"
"Coppen/2000/UK","Randomized Controlled Trial","yes","depression",127,"20 mg",62,10,"HRS",26.6,10.7,0.901700901701353,44.3,0.379,0,0,0,0,0,0,0,0,0,0,0,0,0,0,0,0,1,0,0,0,0,0,0,0,0,0,0,"z.fluoxetine",NA
"Coppen/2000/UK","Randomized Controlled Trial","yes","depression",127,"500 ug, 20 mg",65,10,"HRS",26.8,8.1,0.669787566781726,41.9,0.353,0,0,0,0,0,0,0,0,0,0,1,0,0,0,0,0,1,0,0,0,0,0,0,0,0,0,0,"z.B9,z.fluoxetine",NA
"America/2008/US","Randomized Controlled Trial","no","depression",114,"thiamin (b1) 100 mg, riboflavin (b2) 100 mg, niacin (b3) 100 mg, folic acid (b9)  400 mcg, biotin (b7) 100 mcg,  B12 100 mcg,  B6 100 mg,pantothenic acid (b5) 100 mg",31,6,"Beck Depression Inventory",6,3.45,0.899822563154142,22.5,0.29,0,0,0,1,1,1,1,1,1,1,1,0,0,0,0,0,0,0,0,0,0,0,0,0,0,0,0,"z.B1,z.B12,z.B2,z.B3,z.B5,z.B6,z.B7,z.B9","high"
"America/2008/US","Randomized Controlled Trial","no","depression",114,"Vitamin A: 1500 IU, Vitamin C: 250 mg, Vitamin D: 400 IU, Vitamin E: 150 IU, Thiamin (B1): 75 mg, Riboflavin (B2): 75 mg, Niacin (B3): 75 mg, Vitamin B6: 75 mg, Folic Acid: 400 ug, Vitamin B12: 75 mg, Biotin: 75 mcg, Pantothenic Acid: 75 mg, Calcium: 20 mg, Iron: 1.3 mg, Magnesium: 10 mg, Zinc: 10 mg",27,6,"Beck Depression Inventory",5.93,4.07,0.67934881674646,22.5,0.259,0,1,0,1,1,1,1,1,1,1,1,1,1,0,1,1,0,0,1,1,0,0,0,0,0,0,1,"z.A,z.B1,z.B12,z.B2,z.B3,z.B5,z.B6,z.B7,z.B9,z.C,z.calcium,z.D,z.E,z.iron,z.magnesium,z.zinc","high"
"America/2008/US","Randomized Controlled Trial","no","depression",114,"methyl-cellulose",28,6,"Beck Depression Inventory",4.08,2.36,0.517811328022641,22.5,0.464,0,0,0,0,0,0,0,0,0,0,0,0,0,0,0,0,0,0,0,0,0,0,0,1,0,0,0,"z.placebo","high"
"America/2008/US","Randomized Controlled Trial","no","depression",114,"",28,6,"Beck Depression Inventory",6.32,7.04,1.26807080694596,22.5,0.286,0,0,0,0,0,0,0,0,0,0,0,0,0,0,0,0,0,0,0,0,0,1,0,0,0,0,0,"z.none","high"
"Wang/2016/China","Randomized Controlled Trial","yes","depression",726,"50000 iu",362,52,"Beck Depression Inventory",22.7,19.6,0.194467682554226,NA,0.61,0,0,0,0,0,0,0,0,0,0,0,0,0,0,1,0,0,0,0,0,0,0,0,0,0,0,0,"z.D","low"
"Wang/2016/China","Randomized Controlled Trial","yes","depression",726,"",364,52,"Beck Depression Inventory",21.9,20.8,0.267312633364089,NA,0.577,0,0,0,0,0,0,0,0,0,0,0,0,0,0,0,0,0,0,0,0,0,0,0,1,0,0,0,"z.placebo","low"
"Barragan-Rodriguez/2008/Mexico","Randomized Controlled Trial","no","depression",23,"2.5 mg, 450 mg",12,12,"Yasavage and Brink Depression Scale",17.9,11.4,1.09696551146029,67.4,NA,0,0,0,0,0,0,0,0,0,0,0,0,0,0,0,0,0,0,0,1,0,0,0,0,0,0,0,"z.magnesium","high"
"Barragan-Rodriguez/2008/Mexico","Randomized Controlled Trial","no","depression",23,"50 mg",11,12,"Yasavage and Brink Depression Scale",16.1,10.9,1.29649878168438,67.4,NA,0,0,0,0,0,0,0,0,0,0,0,0,0,0,0,0,0,1,0,0,0,0,0,0,0,0,0,"z.imipramine","high"
"Yosaee/2020/Iran","Randomized Controlled Trial","yes","depression",140,"2000 iu",27,12,"Beck Depression Inventory",NA,-3.87,1.11,38.28,0.794,1,0,0,0,0,0,0,0,0,0,0,0,0,0,1,0,0,0,0,0,0,0,0,0,0,0,0,"z.D","high"
"Yosaee/2020/Iran","Randomized Controlled Trial","yes","depression",140,"30 mg",24,12,"Beck Depression Inventory",NA,-7.02,1.06,38.71,0.7647,1,0,0,0,0,0,0,0,0,0,0,0,0,0,0,0,0,0,0,0,0,0,0,0,0,0,1,"z.zinc","high"
"Yosaee/2020/Iran","Randomized Controlled Trial","yes","depression",140,"30 mg, 2000 iu",25,12,"Beck Depression Inventory",NA,-7.62,1.46,38.93,0.7273,1,0,0,0,0,0,0,0,0,0,0,0,0,0,1,0,0,0,0,0,0,0,0,0,0,0,1,"z.D,z.zinc","high"
"Yosaee/2020/Iran","Randomized Controlled Trial","yes","depression",140,"",22,12,"Beck Depression Inventory",NA,-0.76,1.11,37.31,0.8125,1,0,0,0,0,0,0,0,0,0,0,0,0,0,0,0,0,0,0,0,0,0,0,1,0,0,0,"z.placebo","high"
"America/2008/US","Randomized Controlled Trial","no","depression",114,"thiamin (b1) 100 mg, riboflavin (b2) 100 mg, niacin (b3) 100 mg, folic acid (b9)  400 mcg, biotin (b7) 100 mcg,  B12 100 mcg,  B6 100 mg,pantothenic acid (b5) 100 mg",31,6,"POMS-D",9.44,7.65,1.3865529316467,22.5,0.29,0,0,0,1,1,1,1,1,1,1,1,0,0,0,0,0,0,0,0,0,0,0,0,0,0,0,0,"z.B1,z.B12,z.B2,z.B3,z.B5,z.B6,z.B7,z.B9","high"
"America/2008/US","Randomized Controlled Trial","no","depression",114,"Vitamin A: 1500 IU, Vitamin C: 250 mg, Vitamin D: 400 IU, Vitamin E: 150 IU, Thiamin (B1): 75 mg, Riboflavin (B2): 75 mg, Niacin (B3): 75 mg, Vitamin B6: 75 mg, Folic Acid: 400 ug, Vitamin B12: 75 mg, Biotin: 75 mcg, Pantothenic Acid: 75 mg, Calcium: 20 mg, Iron: 1.3 mg, Magnesium: 10 mg, Zinc: 10 mg",27,6,"POMS-D",6.85,7.22,1.2355295760658,22.5,0.259,0,1,0,1,1,1,1,1,1,1,1,1,1,0,1,1,0,0,1,1,0,0,0,0,0,0,1,"z.A,z.B1,z.B12,z.B2,z.B3,z.B5,z.B6,z.B7,z.B9,z.C,z.calcium,z.D,z.E,z.iron,z.magnesium,z.zinc","high"
"America/2008/US","Randomized Controlled Trial","no","depression",114,"methyl-cellulose",28,6,"POMS-D",8.82,8.27,1.16980004396356,22.5,0.464,0,0,0,0,0,0,0,0,0,0,0,0,0,0,0,0,0,0,0,0,0,0,0,1,0,0,0,"z.placebo","high"
"America/2008/US","Randomized Controlled Trial","no","depression",114,"",28,6,"POMS-D",9.57,11.15,1.69895030617648,22.5,0.286,0,0,0,0,0,0,0,0,0,0,0,0,0,0,0,0,0,0,0,0,0,1,0,0,0,0,0,"z.none","high"
